{"v":"4.8.0","meta":{"g":"LottieFiles AE 1.0.0","a":"Jonathan Dunphy","k":"submit, submit button, approved, submit form, form completion","d":"Submit button with approval check mark","tc":""},"fr":30,"ip":0,"op":80,"w":1000,"h":1000,"nm":"Submit Button Approved","ddd":0,"assets":[],"fonts":{"list":[{"fName":"Cubano-Regular","fFamily":"Cubano","fStyle":"Regular","ascent":69.9996948242188}]},"layers":[{"ddd":0,"ind":1,"ty":3,"nm":"Null 1","sr":1,"ks":{"o":{"a":0,"k":0,"ix":11},"r":{"a":1,"k":[{"i":{"x":[0.364],"y":[1]},"o":{"x":[0.519],"y":[0]},"t":14,"s":[0]},{"t":60,"s":[720]}],"ix":10},"p":{"a":0,"k":[500,497.574,0],"ix":2},"a":{"a":0,"k":[50,48.787,0],"ix":1},"s":{"a":0,"k":[100,100,100],"ix":6}},"ao":0,"ip":0,"op":80,"st":0,"bm":0},{"ddd":0,"ind":2,"ty":4,"nm":"Check Mark","sr":1,"ks":{"o":{"a":0,"k":100,"ix":11},"r":{"a":0,"k":0,"ix":10},"p":{"a":0,"k":[496.363,490.661,0],"ix":2},"a":{"a":0,"k":[0,0,0],"ix":1},"s":{"a":0,"k":[100,100,100],"ix":6}},"ao":0,"shapes":[{"ty":"gr","it":[{"ind":0,"ty":"sh","ix":1,"ks":{"a":0,"k":{"i":[[0,0],[0,0],[0,0]],"o":[[0,0],[0,0],[0,0]],"v":[[-43.084,25.314],[-8.35,54.487],[59.358,-24.81]],"c":false},"ix":2},"nm":"Path 1","mn":"ADBE Vector Shape - Group","hd":false},{"ty":"tm","s":{"a":0,"k":0,"ix":1},"e":{"a":1,"k":[{"i":{"x":[0.667],"y":[1]},"o":{"x":[0.333],"y":[0]},"t":64,"s":[0]},{"t":69,"s":[100]}],"ix":2},"o":{"a":0,"k":0,"ix":3},"m":1,"ix":2,"nm":"Trim Paths 1","mn":"ADBE Vector Filter - Trim","hd":false},{"ty":"st","c":{"a":0,"k":[1,1,1,1],"ix":3},"o":{"a":0,"k":100,"ix":4},"w":{"a":0,"k":30,"ix":5},"lc":2,"lj":2,"bm":0,"nm":"Stroke 1","mn":"ADBE Vector Graphic - Stroke","hd":false},{"ty":"gf","o":{"a":0,"k":100,"ix":10},"r":1,"bm":0,"g":{"p":3,"k":{"a":0,"k":[0,0.941,0.355,0.355,0.5,0.906,0.361,0.361,1,0.87,0.367,0.367],"ix":9}},"s":{"a":0,"k":[0,0],"ix":5},"e":{"a":0,"k":[100,0],"ix":6},"t":1,"nm":"Gradient Fill 1","mn":"ADBE Vector Graphic - G-Fill","hd":true},{"ty":"tr","p":{"a":0,"k":[0,0],"ix":2},"a":{"a":0,"k":[0,0],"ix":1},"s":{"a":0,"k":[100,100],"ix":3},"r":{"a":0,"k":0,"ix":6},"o":{"a":0,"k":100,"ix":7},"sk":{"a":0,"k":0,"ix":4},"sa":{"a":0,"k":0,"ix":5},"nm":"Transform"}],"nm":"Shape 1","np":4,"cix":2,"bm":0,"ix":1,"mn":"ADBE Vector Group","hd":false}],"ip":0,"op":80,"st":0,"bm":0},{"ddd":0,"ind":3,"ty":5,"nm":"Submit","sr":1,"ks":{"o":{"a":1,"k":[{"i":{"x":[0.667],"y":[1]},"o":{"x":[0.333],"y":[0]},"t":0,"s":[99]},{"t":6,"s":[0]}],"ix":11},"r":{"a":0,"k":0,"ix":10},"p":{"a":0,"k":[499.192,546.394,0],"ix":2},"a":{"a":0,"k":[0,0,0],"ix":1},"s":{"a":0,"k":[100,100,100],"ix":6}},"ao":0,"t":{"d":{"k":[{"s":{"s":132,"f":"Cubano-Regular","t":"SUBMIT","j":2,"tr":0,"lh":158.4,"ls":0,"fc":[1,1,1]},"t":0}]},"p":{},"m":{"g":1,"a":{"a":0,"k":[0,0],"ix":2}},"a":[]},"ip":0,"op":80,"st":0,"bm":0},{"ddd":0,"ind":4,"ty":4,"nm":"Button","sr":1,"ks":{"o":{"a":0,"k":100,"ix":11},"r":{"a":0,"k":0,"ix":10},"p":{"a":0,"k":[500,500,0],"ix":2},"a":{"a":0,"k":[4.198,15.425,0],"ix":1},"s":{"a":0,"k":[100,100,100],"ix":6}},"ao":0,"shapes":[{"ty":"gr","it":[{"ty":"rc","d":1,"s":{"a":1,"k":[{"i":{"x":[0.667,0.667],"y":[1,1]},"o":{"x":[0.333,0.333],"y":[0,0]},"t":0,"s":[864.396,182.85]},{"t":10,"s":[190.396,182.85]}],"ix":2},"p":{"a":0,"k":[0,0],"ix":3},"r":{"a":0,"k":150,"ix":4},"nm":"Rectangle Path 1","mn":"ADBE Vector Shape - Rect","hd":false},{"ty":"st","c":{"a":0,"k":[1,1,1,1],"ix":3},"o":{"a":0,"k":100,"ix":4},"w":{"a":0,"k":30,"ix":5},"lc":1,"lj":1,"ml":4,"bm":0,"nm":"Stroke 1","mn":"ADBE Vector Graphic - Stroke","hd":true},{"ty":"fl","c":{"a":0,"k":[0.427451010311,0.505882352941,0.850980451995,1],"ix":4},"o":{"a":0,"k":100,"ix":5},"r":1,"bm":0,"nm":"Fill 1","mn":"ADBE Vector Graphic - Fill","hd":false},{"ty":"tr","p":{"a":0,"k":[4.198,15.425],"ix":2},"a":{"a":0,"k":[0,0],"ix":1},"s":{"a":0,"k":[100,100],"ix":3},"r":{"a":0,"k":0,"ix":6},"o":{"a":0,"k":100,"ix":7},"sk":{"a":0,"k":0,"ix":4},"sa":{"a":0,"k":0,"ix":5},"nm":"Transform"}],"nm":"Rectangle 1","np":3,"cix":2,"bm":0,"ix":1,"mn":"ADBE Vector Group","hd":false}],"ip":0,"op":80,"st":0,"bm":0},{"ddd":0,"ind":5,"ty":4,"nm":"Spinning Circle","parent":1,"sr":1,"ks":{"o":{"a":0,"k":100,"ix":11},"r":{"a":0,"k":0,"ix":10},"p":{"a":1,"k":[{"i":{"x":0.786,"y":1},"o":{"x":0.81,"y":0},"t":0,"s":[50,51.213,0],"to":[0,-21.167,0],"ti":[0,29.5,0]},{"i":{"x":0.501,"y":1},"o":{"x":0.707,"y":0},"t":14,"s":[50,-75.787,0],"to":[0,-29.5,0],"ti":[0,-21.5,0]},{"i":{"x":0.128,"y":1},"o":{"x":0.643,"y":0},"t":50,"s":[50,-125.787,0],"to":[0,21.5,0],"ti":[0,-29.833,0]},{"t":73,"s":[50,53.213,0]}],"ix":2},"a":{"a":0,"k":[16.846,136.846,0],"ix":1},"s":{"a":0,"k":[100,100,100],"ix":6}},"ao":0,"shapes":[{"ty":"gr","it":[{"ind":0,"ty":"sh","ix":1,"ks":{"a":0,"k":{"i":[[0,0]],"o":[[0,0]],"v":[[-27.402,123.784]],"c":false},"ix":2},"nm":"Path 1","mn":"ADBE Vector Shape - Group","hd":false},{"ty":"st","c":{"a":0,"k":[1,1,1,1],"ix":3},"o":{"a":0,"k":100,"ix":4},"w":{"a":0,"k":30,"ix":5},"lc":1,"lj":1,"ml":4,"bm":0,"nm":"Stroke 1","mn":"ADBE Vector Graphic - Stroke","hd":true},{"ty":"fl","c":{"a":0,"k":[0.427451010311,0.505882352941,0.850980451995,1],"ix":4},"o":{"a":0,"k":100,"ix":5},"r":1,"bm":0,"nm":"Fill 1","mn":"ADBE Vector Graphic - Fill","hd":false},{"ty":"tr","p":{"a":0,"k":[0,0],"ix":2},"a":{"a":0,"k":[0,0],"ix":1},"s":{"a":0,"k":[100,100],"ix":3},"r":{"a":0,"k":0,"ix":6},"o":{"a":0,"k":100,"ix":7},"sk":{"a":0,"k":0,"ix":4},"sa":{"a":0,"k":0,"ix":5},"nm":"Transform"}],"nm":"Shape 1","np":3,"cix":2,"bm":0,"ix":1,"mn":"ADBE Vector Group","hd":false},{"ty":"gr","it":[{"d":1,"ty":"el","s":{"a":0,"k":[45.692,45.692],"ix":2},"p":{"a":0,"k":[0,0],"ix":3},"nm":"Ellipse Path 1","mn":"ADBE Vector Shape - Ellipse","hd":false},{"ty":"st","c":{"a":0,"k":[1,1,1,1],"ix":3},"o":{"a":0,"k":100,"ix":4},"w":{"a":0,"k":30,"ix":5},"lc":1,"lj":1,"ml":4,"bm":0,"nm":"Stroke 1","mn":"ADBE Vector Graphic - Stroke","hd":true},{"ty":"fl","c":{"a":0,"k":[0.427451010311,0.505882352941,0.850980451995,1],"ix":4},"o":{"a":0,"k":100,"ix":5},"r":1,"bm":0,"nm":"Fill 1","mn":"ADBE Vector Graphic - Fill","hd":false},{"ty":"tr","p":{"a":0,"k":[16.846,136.846],"ix":2},"a":{"a":0,"k":[0,0],"ix":1},"s":{"a":0,"k":[100,100],"ix":3},"r":{"a":0,"k":0,"ix":6},"o":{"a":0,"k":100,"ix":7},"sk":{"a":0,"k":0,"ix":4},"sa":{"a":0,"k":0,"ix":5},"nm":"Transform"}],"nm":"Ellipse 1","np":3,"cix":2,"bm":0,"ix":2,"mn":"ADBE Vector Group","hd":false}],"ip":0,"op":80,"st":0,"bm":0}],"markers":[],"chars":[{"ch":"S","size":132,"style":"Regular","w":57.2,"data":{"shapes":[{"ty":"gr","it":[{"ind":0,"ty":"sh","ix":1,"ks":{"a":0,"k":{"i":[[0,0],[0.101,1.813],[20.746,0],[-0.101,-3.021],[-1.913,-8.56],[4.935,0],[0.403,4.834],[2.014,-0.403],[0,0],[-0.101,-1.813],[-21.149,0],[0,3.021],[1.41,7.855],[-3.928,0],[-0.705,-4.129],[-2.014,0.403]],"o":[[1.813,-0.403],[-0.604,-7.251],[-22.559,0],[0,23.163],[0.604,2.719],[-4.733,0],[-0.201,-2.115],[0,0],[-1.813,0.403],[0.504,7.855],[23.868,0],[0,-23.163],[-0.403,-2.316],[4.733,0],[0.302,2.014],[0,0]],"v":[[51.663,-48.038],[54.282,-51.361],[28.098,-72.107],[3.827,-51.26],[36.053,-21.451],[28.098,-15.811],[19.235,-23.465],[15.912,-26.083],[4.532,-23.566],[1.913,-20.242],[28.098,1.511],[55.389,-19.336],[22.156,-50.153],[28.098,-54.785],[36.859,-48.038],[40.182,-45.52]],"c":true},"ix":2},"nm":"S","mn":"ADBE Vector Shape - Group","hd":false}],"nm":"S","np":3,"cix":2,"bm":0,"ix":1,"mn":"ADBE Vector Group","hd":false}]},"fFamily":"Cubano"},{"ch":"U","size":132,"style":"Regular","w":59,"data":{"shapes":[{"ty":"gr","it":[{"ind":0,"ty":"sh","ix":1,"ks":{"a":0,"k":{"i":[[0,0],[0,-2.014],[0,0],[-23.868,0],[0,6.647],[0,0],[2.014,0],[0,0],[0,-2.014],[0,0],[7.452,0],[0,7.755],[0,0],[2.014,0]],"o":[[-1.913,0],[0,0],[0,6.647],[23.868,0],[0,0],[0,-2.014],[0,0],[-1.913,0],[0,0],[0,7.755],[-7.452,0],[0,0],[0,-2.014],[0,0]],"v":[[7.452,-70.496],[4.431,-67.474],[4.431,-22.659],[29.709,1.813],[54.987,-22.659],[54.987,-67.474],[51.965,-70.496],[40.686,-70.496],[37.665,-67.474],[37.665,-27.997],[29.709,-15.509],[21.753,-27.997],[21.753,-67.474],[18.732,-70.496]],"c":true},"ix":2},"nm":"U","mn":"ADBE Vector Shape - Group","hd":false}],"nm":"U","np":3,"cix":2,"bm":0,"ix":1,"mn":"ADBE Vector Group","hd":false}]},"fFamily":"Cubano"},{"ch":"B","size":132,"style":"Regular","w":58.6,"data":{"shapes":[{"ty":"gr","it":[{"ind":0,"ty":"sh","ix":1,"ks":{"a":0,"k":{"i":[[0,0],[0,-2.014],[0,0],[-1.913,0],[0,0],[0,12.488],[4.129,1.913],[0,3.424],[18.933,0]],"o":[[-2.014,0.101],[0,0],[0,1.913],[0,0],[18.933,0],[0,-6.244],[4.129,-4.532],[0,-16.516],[0,0]],"v":[[8.057,-70.496],[5.035,-67.374],[5.035,-3.021],[8.057,0],[32.932,0],[57.404,-18.53],[50.253,-31.723],[55.389,-46.326],[29.205,-70.496]],"c":true},"ix":2},"nm":"B","mn":"ADBE Vector Shape - Group","hd":false},{"ind":1,"ty":"sh","ix":2,"ks":{"a":0,"k":{"i":[[0,0],[0,2.014],[0,0],[-1.913,0],[0,0],[0,-6.244],[4.834,0]],"o":[[-1.913,0],[0,0],[0,-2.014],[0,0],[4.834,0],[0,6.244],[0,0]],"v":[[25.378,-39.478],[22.357,-42.499],[22.357,-50.153],[25.378,-53.174],[30.817,-53.174],[38.068,-46.326],[30.817,-39.478]],"c":true},"ix":2},"nm":"B","mn":"ADBE Vector Shape - Group","hd":false},{"ind":2,"ty":"sh","ix":3,"ks":{"a":0,"k":{"i":[[0,0],[0,2.014],[0,0],[-1.913,0],[0,0],[0,-4.733],[4.834,0]],"o":[[-1.913,0],[0,0],[0,-2.014],[0,0],[4.834,0],[0,4.733],[0,0]],"v":[[25.278,-14.301],[22.256,-17.322],[22.256,-21.954],[25.278,-24.976],[31.824,-24.976],[38.873,-19.537],[31.622,-14.301]],"c":true},"ix":2},"nm":"B","mn":"ADBE Vector Shape - Group","hd":false}],"nm":"B","np":6,"cix":2,"bm":0,"ix":1,"mn":"ADBE Vector Group","hd":false}]},"fFamily":"Cubano"},{"ch":"M","size":132,"style":"Regular","w":79.2,"data":{"shapes":[{"ty":"gr","it":[{"ind":0,"ty":"sh","ix":1,"ks":{"a":0,"k":{"i":[[0,0],[-0.403,-1.712],[0,0],[-0.201,1.007],[0,0],[-1.813,0],[0,0],[0,-2.014],[0,0],[2.014,0],[0,0],[0,1.913],[0,0],[0.201,-0.705],[0,0],[1.813,0],[0,0],[0.403,1.712],[0,0],[0,-0.705],[0,0],[2.014,0],[0,0],[0,1.913],[0,0],[-2.014,0]],"o":[[1.813,0],[0,0],[0.201,1.007],[0,0],[0.403,-1.712],[0,0],[2.014,0],[0,0],[0,1.913],[0,0],[-1.913,0],[0,0],[0,-0.705],[0,0],[-0.403,1.712],[0,0],[-1.813,0],[0,0],[-0.201,-0.705],[0,0],[0,1.913],[0,0],[-2.014,0],[0,0],[0,-2.014],[0,0]],"v":[[28.903,-70.496],[32.126,-67.776],[39.276,-38.47],[40.485,-38.47],[47.635,-67.776],[50.858,-70.496],[71.704,-70.496],[74.725,-67.474],[74.725,-3.021],[71.704,0],[60.425,0],[57.404,-3.021],[57.404,-42.7],[56.296,-42.801],[46.527,-2.618],[43.204,0],[36.557,0],[33.234,-2.618],[23.465,-42.801],[22.357,-42.7],[22.357,-3.021],[19.336,0],[8.057,0],[5.035,-3.021],[5.035,-67.474],[8.057,-70.496]],"c":true},"ix":2},"nm":"M","mn":"ADBE Vector Shape - Group","hd":false}],"nm":"M","np":3,"cix":2,"bm":0,"ix":1,"mn":"ADBE Vector Group","hd":false}]},"fFamily":"Cubano"},{"ch":"I","size":132,"style":"Regular","w":27,"data":{"shapes":[{"ty":"gr","it":[{"ind":0,"ty":"sh","ix":1,"ks":{"a":0,"k":{"i":[[0,0],[0,-2.014],[0,0],[2.014,0],[0,0],[0,1.913],[0,0],[-1.913,0]],"o":[[2.014,0],[0,0],[0,1.913],[0,0],[-1.913,0],[0,0],[0,-2.014],[0,0]],"v":[[19.135,-70.496],[22.156,-67.474],[22.156,-3.021],[19.135,0],[8.057,0],[5.035,-3.021],[5.035,-67.474],[8.057,-70.496]],"c":true},"ix":2},"nm":"I","mn":"ADBE Vector Shape - Group","hd":false}],"nm":"I","np":3,"cix":2,"bm":0,"ix":1,"mn":"ADBE Vector Group","hd":false}]},"fFamily":"Cubano"},{"ch":"T","size":132,"style":"Regular","w":61.2,"data":{"shapes":[{"ty":"gr","it":[{"ind":0,"ty":"sh","ix":1,"ks":{"a":0,"k":{"i":[[0,0],[2.014,0],[0,0],[0,1.913],[0,0],[-1.913,0],[0,0],[0,-2.014],[0,0],[2.014,0],[0,0],[0,-2.014],[0,0],[2.014,0],[0,0],[0,1.913]],"o":[[0,-2.014],[0,0],[-1.913,0],[0,0],[0,-2.014],[0,0],[2.014,0],[0,0],[0,1.913],[0,0],[-1.913,0],[0,0],[0,1.913],[0,0],[-1.913,0],[0,0]],"v":[[21.149,-50.153],[18.127,-53.174],[4.028,-53.174],[1.007,-56.195],[1.007,-67.474],[4.028,-70.496],[55.591,-70.496],[58.612,-67.474],[58.612,-56.195],[55.591,-53.174],[41.492,-53.174],[38.47,-50.153],[38.47,-3.021],[35.449,0],[24.17,0],[21.149,-3.021]],"c":true},"ix":2},"nm":"T","mn":"ADBE Vector Shape - Group","hd":false}],"nm":"T","np":3,"cix":2,"bm":0,"ix":1,"mn":"ADBE Vector Group","hd":false}]},"fFamily":"Cubano"}]}